PersonName,Country,Discipline
AALERUD Katrine,Norway,Cycling Road
ABAD Nestor,Spain,Artistic Gymnastics
ABAGNALE Giovanni,Italy,Rowing
ABALDE Alberto,Spain,Basketball
ABALDE Tamara,Spain,Basketball
ABALO Luc,France,Handball
ABAROA Cesar,Chile,Rowing
ABASS Abobakr,Sudan,Swimming
ABBASALI Hamideh,Islamic Republic of Iran,Karate
ABBASOV Islam,Azerbaijan,Wrestling
ABBINGH Lois,Netherlands,Handball
ABBOT Emily,Australia,Rhythmic Gymnastics
ABBOTT Monica,United States of America,Baseball/Softball
ABDALLA Abubaker Haydar,Qatar,Athletics
ABDALLA Maryam,Egypt,Artistic Swimming
ABDALLAH Shahd,Egypt,Artistic Swimming
ABDALRASOOL Mohamed,Sudan,Judo
ABDEL LATIF Radwa,Egypt,Shooting
ABDEL RAZEK Samy,Egypt,Shooting
ABDELAZIZ Abdalla,Egypt,Karate
ABDELAZIZ Farah,Egypt,Table Tennis
ABDELAZIZ Feryal,Egypt,Karate
ABDELMAWGOUD Mohamed,Egypt,Judo
ABDELMOTTALEB Diaaeldin Kamal Gouda,Egypt,Wrestling
ABDELRAHMAN Ihab,Egypt,Athletics
ABDELSALAM Mohamed,Egypt,Football
ABDELSALAM Nour,Egypt,Taekwondo
ABDELWAHED Ahmed,Italy,Athletics
ABDI Bashir,Belgium,Athletics
ABDIRAHMAN Abdi,United States of America,Athletics
ABDUL HADI Farah Ann,Malaysia,Artistic Gymnastics
ABDUL RAHMAN Kiria Tikanah,Singapore,Fencing
ABDUL RAZZAQ Fathimath Nabaaha,Maldives,Badminton
ABDULHAMID Saud,Saudi Arabia,Football
ABDULJABBAR Ammar Riad,Germany,Boxing
ABDULLAEV Gulomjon,Uzbekistan,Wrestling
ABDULLAEV Muminjon,Uzbekistan,Wrestling
ABDULLAH Rahmat Erwin,Indonesia,Weightlifting
ABDULLIN Ilfat,Kazakhstan,Archery
ABDULREDHA Mohamed,Bahrain,Handball
ABDURAIMOV Elnur,Uzbekistan,Boxing
ABDURAKHIMOV Rasuljon,Uzbekistan,Artistic Gymnastics
ABDURAKHMONOV Bekzod,Uzbekistan,Wrestling
ABE Hifumi,Japan,Judo
ABE Takatoshi,Japan,Athletics
ABE Uta,Japan,Judo
ABEBE Mekides,Ethiopia,Athletics
ABEDINI Mojtaba,Islamic Republic of Iran,Fencing
ABEL Jennifer,Canada,Diving
